_id,AnoReferencia,NomeMunicipio,NomeUnidadeEscolar,MatriculasTotal,MatriculaInicial,MatriculaAposCenso,Transferidos,Cancelados,Falecido,Abandono,Aprovados,Reprovados,Cursando,OutrasSituacoes
1,2020,Campo Grande,C. DE EDUC. PROFISSIONAL EZEQUIEL FERREIRA LIMA,489,366,123,2,27,2,0,348,10,100,0
2,2020,Campo Grande,CEEJA - PROFª. IGNÊS DE LAMÔNICA GUIMARÃES,1181,994,187,0,119,0,0,0,0,0,1062
3,2020,Camapua,CEEP MARCIO ELIAS NERY,181,180,1,11,10,0,0,141,19,0,0
4,2020,Campo Grande,CEI - JOSÉ EDUARDO MARTINS JALLAD - ZEDU,364,361,3,2,8,0,0,354,0,0,0
5,2020,Aquidauana,CENTRO DE EDUCAÇÃO PROFISSIONAL DE AQUIDAUANA GERALDO AFONSO GARCIA FERREIRA,338,274,64,3,41,0,0,272,7,1,14
6,2020,Dourados,CENTRO ESTADUAL DE EDUCAÇÃO DE JOVENS E ADULTOS DE DOURADOS - CEEJA/MS,1152,1014,138,23,9,0,0,0,0,0,1120
7,2020,Dourados,CENTRO ESTADUAL DE EDUCAÇÃO DOURADOS-CEEJA MS -EXTENSÃO PENITENCIÁRIA ESTADUAL DE DOURADOS,441,222,219,48,43,0,0,350,0,0,0
8,2020,Dourados,CENTRO ESTADUAL DE EDUCAÇÃO DOURADOS-CEEJA MS -EXTENSÃO UNID EDUC DE INTERNAÇÃO -UNEI LARANJA DOCE,95,71,24,37,15,0,0,43,0,0,0
9,2020,Dourados,CENTRO ESTADUAL DE EDUCAÇÃO DOURADOS-CEEJA MS -EXTENSÃO UNIDADE EDUCAC DE INTERNAÇÃO -UNEI ESPERANÇA,9,8,1,5,2,0,0,2,0,0,0
10,2020,Chapadao do Sul,CENTRO ESTADUAL DE EDUCAÇÃO PROFISSIONAL ARLINDO NECKEL,50,27,23,0,1,0,0,44,4,1,0
11,2020,Campo Grande,CENTRO ESTADUAL DE EDUCAÇÃO PROFISSIONAL HÉRCULES MAYMONE,1896,1764,132,39,93,0,0,1194,565,0,5
12,2020,Campo Grande,CENTRO ESTADUAL DE EDUCAÇÃO PROFISSIONAL PE.JOÃO GREINER,379,373,6,27,42,1,0,283,25,0,1
13,2020,Campo Grande,CENTRO ESTADUAL DE EDUCAÇÃO PROFISSIONAL PROFª MARIA DE LOURDES WIDAL ROMA,671,618,53,9,12,0,0,649,1,0,0
14,2020,Dourados,CENTRO ESTADUAL DE EDUCAÇÃO PROFISSIONAL PROFESSORA EVANILDE COSTA DA SILVA,63,38,25,0,7,0,0,52,3,1,0
15,2020,Navirai,CENTRO ESTADUAL DE EDUCAÇÃO PROFISSIONAL SENADOR RAMEZ TEBET,80,61,19,0,6,0,0,57,15,2,0
16,2020,Aquidauana,CENTRO PROFIS AQUIDAUANA GERALDO AFONSO GARCIA FERREIRA - EXTENSÃO SALA ANTONIO SANTOS RIBEIRO,15,7,8,0,2,0,0,11,2,0,0
17,2020,Aquidauana,CENTRO PROFIS.AQUIDAUANA GERALDO AFONSO GARCIA FERREIRA - EXTENSÃO SALA ADA MOREIRA DE BARROS,48,43,5,1,5,0,0,38,4,0,0
18,2020,Dois Irmaos do Buriti,EE 'PROFESSORA ESTEFANA CENTURION GAMBARRA',658,588,70,49,9,0,0,472,101,0,27
19,2020,Dois Irmaos do Buriti,EE 'PROFESSORA ESTEFANA CENTURION GAMBARRA'- EXTENSÃO SALA MARCOS  FREIRE ASSENTAMENTO MARCOS FREIRE,34,33,1,1,1,0,0,20,4,0,8
20,2020,Dois Irmaos do Buriti,EE 'PROFESSORA ESTEFANA CENTURION GAMBARRA'-EXTENSÃO ESTABELECIMENTO PENAL DE DOIS IRMÃOS DO BURITI,150,70,80,2,95,0,0,52,1,0,0
21,2020,Campo Grande,EE 11 DE OUTUBRO,673,664,9,38,11,0,0,586,37,0,1
22,2020,Deodapolis,EE 13 DE MAIO,1005,985,20,58,20,0,0,815,112,0,0
23,2020,Eldorado,EE 13 DE MAIO,262,256,6,24,4,0,0,219,15,0,0
24,2020,Sete Quedas,EE 13 DE MAIO,769,702,67,121,9,0,0,611,28,0,0
25,2020,Ladario,EE 2 DE SETEMBRO,488,478,10,30,11,0,0,433,14,0,0
26,2020,Campo Grande,EE 26 DE AGOSTO,477,468,9,28,24,0,0,348,77,0,0
27,2020,Juti,EE 31 DE MARÇO,853,826,27,50,18,0,0,650,135,0,0
28,2020,Sete Quedas,EE 4 DE ABRIL,252,249,3,28,2,0,0,220,2,0,0
29,2020,Iguatemi,EE 8 DE MAIO,978,899,79,43,7,1,0,843,80,0,4
30,2020,Iguatemi,EE 8 DE MAIO - EXTENSÃO ASSENTAMENTO NOSSA SENHORA AUXILIADORA,48,47,1,4,0,0,0,35,7,0,2
31,2020,Iguatemi,EE 8 DE MAIO - EXTENSÃO PYELITO KUÊ,29,29,0,10,0,0,0,19,0,0,0
32,2020,Dourados,EE ABIGAIL BORRALHO,389,383,6,23,28,1,0,294,43,0,0
33,2020,Ponta Pora,EE ADÊ MARQUES,582,566,16,51,38,0,0,454,33,0,6
34,2020,Brasilandia,EE ADILSON ALVES DA SILVA,975,924,51,48,9,0,0,898,19,1,0
35,2020,Campo Grande,EE ADVENTOR DIVINO DE ALMEIDA,862,855,7,22,39,0,0,731,69,0,1
36,2020,Tres Lagoas,EE AFONSO FRANCISCO XAVIER TRANNIN,495,472,23,60,26,0,0,371,38,0,0
37,2020,Tres Lagoas,EE AFONSO PENA,905,884,21,76,30,0,0,676,123,0,0
38,2020,Laguna Carapa,EE ÁLVARO MARTINS DOS SANTOS,417,396,21,28,3,0,0,367,19,0,0
39,2020,Laguna Carapa,EE ÁLVARO MARTINS DOS SANTOS - EXTENSÃO ALDEIA RANCHO DO JACARÉ,42,42,0,1,1,0,0,40,0,0,0
40,2020,Guia Lopes da Laguna,EE ALZIRO LOPES,966,842,124,58,20,0,0,862,3,0,23
41,2020,Campo Grande,EE AMANDO DE OLIVEIRA,880,870,10,37,44,0,0,646,153,0,0
42,2020,Campo Grande,EE AMÉLIO DE CARVALHO BAÍS,394,391,3,15,12,0,0,365,1,0,1
43,2020,Selviria,EE ANA MARIA DE SOUZA,507,444,63,30,6,0,0,379,92,0,0
44,2020,Selviria,EE ANA MARIA DE SOUZA-EXTENSÃO ASSENTAMENTO SÃO JOAQUIM,51,50,1,3,2,0,0,43,3,0,0
45,2020,Ivinhema,EE ANGELINA JAIME TEBET,683,621,62,24,53,0,0,492,114,0,0
46,2020,Ivinhema,EE ANGELINA JAIME TEBET - EXTENSÃO ESTAB. PENAL MASCULINO DE REGIME FECHADO,18,1,17,0,9,0,0,9,0,0,0
47,2020,Dourados,EE ANTÔNIA DA SILVEIRA CAPILÉ,280,274,6,5,13,0,0,253,9,0,0
48,2020,Nova Alvorada do Sul,EE ANTÔNIO COELHO,497,485,12,35,13,0,0,416,33,0,0
49,2020,Campo Grande,EE ANTÔNIO DELFINO PEREIRA E C. CULT. ED. TIA EVA,217,214,3,7,10,0,0,180,20,0,0
50,2020,Navirai,EE ANTÔNIO FERNANDES,231,221,10,15,26,0,0,168,22,0,0
51,2020,Itapora,EE ANTÔNIO JOÃO RIBEIRO,1123,888,235,40,37,0,0,974,72,0,0
52,2020,Terenos,EE ANTÔNIO NOGUEIRA DA FONSECA,376,365,11,31,9,0,0,326,9,0,1
53,2020,Terenos,EE ANTÔNIO VALADARES,877,758,119,28,43,0,0,734,72,0,0
54,2020,Terenos,EE ANTÔNIO VALADARES - EXTENSÃO PATAGONIA,118,115,3,4,2,0,0,87,25,0,0
55,2020,Dourados,EE ANTÔNIO VICENTE AZAMBUJA,303,297,6,34,0,0,0,269,0,0,0
56,2020,Paranaiba,EE ARACILDA CÍCERO CORRÊA DA COSTA,762,746,16,50,61,0,0,545,106,0,0
57,2020,Paranaiba,EE ARACILDA CÍCERO CORRÊA DA COSTA -EXTENSÃO JOAÕ CHAVES DOS SANTOS,46,45,1,2,7,0,0,28,9,0,0
58,2020,Campo Grande,EE ARACY EUDOCIAK,1487,1328,159,20,72,1,0,1154,237,1,2
59,2020,Antonio Joao,EE ARAL MOREIRA,469,464,5,36,7,0,0,422,4,0,0
60,2020,Caarapo,EE ARCÊNIO ROJAS,359,353,6,24,24,0,0,273,38,0,0
61,2020,Campo Grande,EE ARLINDO DE ANDRADE GOMES,1361,1347,14,22,126,0,0,823,375,0,15
62,2020,Campo Grande,EE ARLINDO DE SAMPAIO JORGE,595,504,91,26,19,0,0,501,49,0,0
63,2020,Chapadao do Sul,EE AUGUSTO KRUG NETTO,686,672,14,62,56,0,0,558,10,0,0
64,2020,Nova Andradina,EE AUSTRILIO CAPILÉ CASTRO,324,324,0,22,35,0,0,266,1,0,0
65,2020,Douradina,EE BARÃO DO RIO BRANCO,739,664,75,23,11,0,0,578,127,0,0
66,2020,Douradina,EE BARÃO DO RIO BRANCO -EXT.ALDEIA PANAMBI LAGOA RICA,68,68,0,1,1,0,0,40,26,0,0
67,2020,Sao Gabriel do Oeste,EE BERNARDINO FERREIRA DA CUNHA,735,715,20,132,38,1,0,510,51,0,3
68,2020,Sao Gabriel do Oeste,EE BERNARDINO FERREIRA DA CUNHA -EXTENSÃO ESTABELECIMENTO PENAL FEMININO DE SÃO GABRIEL DO OESTE,44,26,18,20,4,0,0,20,0,0,0
69,2020,Campo Grande,EE BLANCHE DOS SANTOS PEREIRA,1095,1078,17,58,23,1,0,912,100,0,1
70,2020,Tres Lagoas,EE BOM JESUS,359,354,5,53,8,0,0,249,49,0,0
71,2020,Bonito,EE BONIFÁCIO CAMARGO GOMES,832,823,9,48,16,1,0,582,185,0,0
72,2020,Bonito,EE BONIFÁCIO CAMARGO GOMES  - EXTENSÃO DISTRITO ÁGUAS DE MIRANDA,40,38,2,3,3,0,0,27,6,0,1
73,2020,Batayporã,EE BRAZ SINIGAGLIA,577,563,14,28,4,0,0,533,12,0,0
74,2020,Miranda,EE CAETANO PINTO,857,804,53,47,45,0,0,530,234,0,1
75,2020,Maracaju,EE CAMBARAI,1217,1056,161,51,39,0,0,1065,58,0,4
76,2020,Camapua,EE CAMILO BONFIM,374,360,14,47,11,0,0,313,3,0,0
77,2020,Aquidauana,EE CÂNDIDO MARIANO,463,451,12,50,20,0,0,341,51,0,1
78,2020,Corumba,EE CARLOS DE CASTRO BRASIL,594,588,6,21,23,0,0,476,74,0,0
79,2020,Corumba,EE CARLOS DE CASTRO BRASIL -EXTENSÃO UNIDADE EDUCACIONAL DE INTERNAÇÃO -UNEI PANTANAL,33,20,13,22,0,0,0,11,0,0,0
80,2020,Anastacio,EE CARLOS DRUMMOND DE ANDRADE,497,491,6,45,19,0,0,377,56,0,0
81,2020,Miranda,EE CARMELITA CANALE REBUÁ,199,196,3,15,12,0,0,137,35,0,0
82,2020,Bela Vista,EE CASTELO BRANCO,1282,1150,132,50,33,0,0,1199,0,0,0
83,2020,Mundo Novo,EE CASTELO BRANCO,1210,1152,58,66,28,1,0,964,140,0,11
84,2020,Dourados,EE CASTRO ALVES,1148,1137,11,28,41,1,0,995,83,0,0
85,2020,Amambai,EE CEL. FELIPE DE BRUM,929,876,53,55,17,1,0,660,195,0,1
86,2020,Aquidauana,EE CEL. JOSÉ ALVES RIBEIRO,1269,1194,75,39,79,1,0,1037,110,3,0
87,2020,Jardim,EE CEL. JUVÊNCIO,640,622,18,41,35,1,0,553,10,0,0
88,2020,Jardim,EE CEL. PEDRO JOSÉ RUFINO,1337,1228,109,45,39,0,0,1122,131,0,0
89,2020,Coronel Sapucaia,EE CEL. SAPUCAIA,778,768,10,39,5,1,0,714,19,0,0
90,2020,Coronel Sapucaia,EE CEL. SAPUCAIA - EXTENSÃO SALA ÑANDE REKO ARANDU - ALDEIA TAQUAPERY,105,105,0,5,1,0,0,88,11,0,0
91,2020,Água Clara,EE CHICO MENDES,434,420,14,33,7,0,0,393,1,0,0
92,2020,Maracaju,EE CÍVICO MILITAR CORONEL LIMA DE FIGUEIREDO,682,675,7,65,6,0,0,503,108,0,0
93,2020,Anastacio,EE CÍVICO-MILITAR MARIA CORRÊA DIAS,925,797,128,52,73,0,0,669,131,0,0
94,2020,Sonora,EE COMANDANTE MAURÍCIO COUTINHO DUTRA,1304,1165,139,57,12,0,0,1200,35,0,0
95,2020,Campo Grande,EE CORAÇÃO DE MARIA,479,466,13,22,13,0,0,443,1,0,0
96,2020,Brasilandia,EE DEBRASA,85,74,11,15,0,0,0,70,0,0,0
97,2020,Brasilandia,EE DEBRASA - EXTENSÃO SALA MUTUM,16,13,3,1,0,0,0,15,0,0,0
98,2020,Nova Alvorada do Sul,EE DELFINA NOGUEIRA DE SOUZA,1237,1156,81,82,89,0,0,789,277,0,0
99,2020,Nova Alvorada do Sul,EE DELFINA NOGUEIRA DE SOUZA - EXTENSÃO SALA COMENDADOR LUIZ MENEGHEL ASSENTAMENTO PANA,126,115,11,1,13,1,0,90,18,2,1
100,2020,Anastacio,EE DEP. CARLOS SOUZA MEDEIROS,802,800,2,50,11,0,0,709,32,0,0
101,2020,Ponta Pora,EE DEP. FERNANDO C. CAPIBERIBE SALDANHA,1640,1565,75,49,29,1,0,1426,135,0,0
102,2020,Campo Grande,EE DOLOR FERREIRA DE ANDRADE,1347,1324,23,40,55,1,0,1250,1,0,0
103,2020,Amambai,EE DOM AQUINO CORRÊA,735,727,8,30,2,0,0,703,0,0,0
104,2020,Tres Lagoas,EE DOM AQUINO CORRÊA,1836,1801,35,75,165,1,0,1582,3,0,10
105,2020,Tres Lagoas,EE DOM AQUINO CORRÊA - EXTENSÃO ESTABELECIMENTO PENAL FEMININO DE TRÊS LAGOAS,31,0,31,1,15,0,0,15,0,0,0
106,2020,Tres Lagoas,EE DOM AQUINO CORRÊA - EXTENSÃO ESTABELECIMENTO PENAL MASCULINO DE TRÊS LAGOAS,57,3,54,4,9,0,0,44,0,0,0
107,2020,Tres Lagoas,EE DOM AQUINO CORRÊA - EXTENSÃO UNIDADE EDUCACIONAL DE INTERNAÇÃO -UNEI AURORA GONÇALVES COIMBRA,19,0,19,2,0,0,0,17,0,0,0
108,2020,Amambai,EE DOM AQUINO CORRÊA -EXTENSÃO ESTABELECIMENTO PENAL MASCULINO DE AMAMBAI,119,71,48,26,22,0,0,70,1,0,0
109,2020,Corumba,EE DOM BOSCO,1255,1246,9,58,12,0,0,1106,78,0,1
110,2020,Campo Grande,EE DONA CONSUELO MULLER,290,289,1,25,15,0,0,219,31,0,0
111,2020,Miranda,EE DONA ROSA PEDROSSIAN,453,442,11,19,15,0,0,299,120,0,0
112,2020,Novo Horizonte do Sul,EE DORCELINA DE OLIVEIRA FOLADOR,295,253,42,11,14,0,0,232,38,0,0
113,2020,Sao Gabriel do Oeste,EE DORCELINA FOLADOR,133,125,8,25,4,0,0,101,3,0,0
114,2020,Figueirao,EE DR. ARNALDO ESTEVÃO DE FIGUEIREDO,315,284,31,22,20,0,0,258,14,0,1
115,2020,Campo Grande,EE DR. ARTHUR DE VASCONCELLOS DIAS,526,517,9,21,31,0,0,464,9,0,1
116,2020,Paranaiba,EE DR. ERMÍRIO LEAL GARCIA,230,227,3,25,2,0,0,201,2,0,0
117,2020,Paranaiba,EE DR. ERMÍRIO LEAL GARCIA-EXTENSÃO ESTABELECIMENTO PENAL DE PARANAÍBA,243,135,108,21,57,1,0,146,18,0,0
118,2020,Amambai,EE DR. FERNANDO CORRÊA DA COSTA,946,931,15,86,5,0,0,843,12,0,0
119,2020,Aral Moreira,EE DR. FERNANDO CORRÊA DA COSTA,833,719,114,64,10,0,0,674,85,0,0
120,2020,Corumba,EE DR. GABRIEL VANDONI DE BARROS,300,299,1,20,19,0,0,224,37,0,0
121,2020,Corumba,EE DR. GABRIEL VANDONI DE BARROS -EXTENSÃO ESTAB. PENAL FEMININO CARLOS ALBERTO  JONAS GIORDANO,114,67,47,34,18,0,0,62,0,0,0
122,2020,Corumba,EE DR. GABRIEL VANDONI DE BARROS- EXTENSÃO ESTABELECIMENTO PENAL MASCULINO DE CORUMBÁ,183,107,76,19,54,1,0,109,0,0,0
123,2020,Corumba,EE DR. JOÃO LEITE DE BARROS,973,713,260,19,22,0,0,701,231,0,0
124,2020,Corumba,EE DR. JOÃO LEITE DE BARROS - EXTENSÃO EM LUIZ DE ALBUQUERQUE MELO P. CACERES,144,144,0,2,32,0,0,81,29,0,0
125,2020,Corumba,EE DR. JOÃO LEITE DE BARROS - EXTENSÃO SALA PAIOLZINHO ASSENTAMENTO PAIOLZINHO,88,88,0,1,1,0,0,70,16,0,0
126,2020,Ribas do Rio Pardo,EE DR. JOÃO PONCE DE ARRUDA,1383,1187,196,30,88,0,0,1189,74,2,0
127,2020,Bela Vista,EE DR. JOAQUIM MURTINHO,752,741,11,31,13,0,0,706,2,0,0
128,2020,Taquarussu,EE DR. MARTINHO MARQUES,441,427,14,22,2,0,0,399,18,0,0
129,2020,Ponta Pora,EE DR. MIGUEL MARCONDES ARMANDO,968,962,6,65,13,1,0,768,120,0,1
130,2020,Ponta Pora,EE DR. MIGUEL MARCONDES ARMANDO-EXTENSÃO ESTABELECIMENTO PENAL FEMININO DE PONTA PORÃ,55,26,29,26,0,0,0,29,0,0,0
131,2020,Ponta Pora,EE DR. MIGUEL MARCONDES ARMANDO-EXTENSÃO ESTABELECIMENTO PENAL MASCULINO RICARDO BRANDÃO,88,35,53,33,2,0,0,53,0,0,0
132,2020,Caracol,EE DR. RUBENS DE CASTRO PINTO,356,336,20,27,13,0,0,291,25,0,0
133,2020,Caracol,EE DR. RUBENS DE CASTRO PINTO - EXTENSÃO  SALA ALTO CARACOL,40,40,0,0,0,0,0,40,0,0,0
134,2020,Itapora,EE EDSON BEZERRA,548,541,7,16,9,1,0,522,0,0,0
135,2020,Ribas do Rio Pardo,EE EDUARDO BATISTA AMORIM,498,488,10,29,13,0,0,414,38,0,4
136,2020,Terenos,EE EDUARDO PEREZ,477,463,14,31,3,0,0,422,21,0,0
137,2020,Tres Lagoas,EE EDWARDS CORRÊA E SOUZA,1553,1273,280,63,74,0,0,1023,281,0,112
138,2020,Tres Lagoas,EE EDWARDS CORRÊA E SOUZA - EXTENSÃO ESTABELECIMENTO PENAL MASCULINO DE TRÊS LAGOAS,26,26,0,8,0,0,0,18,0,0,0
139,2020,Tres Lagoas,EE EDWARDS CORRÊA E SOUZA -EXTENSÃO COLÔNIA PENAL INDUSTRIAL PARACELSO DE LIMA VIEIRA JESUS,25,25,0,10,1,0,0,0,1,13,0
140,2020,Tres Lagoas,EE EDWARDS CORRÊA E SOUZA -EXTENSÃO ESTABELECIMENTO PENAL FEMININO DE TRÊS LAGOAS,38,38,0,18,0,0,0,20,0,0,0
141,2020,Tres Lagoas,EE EDWARDS CORRÊA E SOUZA -EXTENSÃO UNIDADE EDUCACIONAL DE INTERNAÇÃO -UNEI AURORA GONÇALVES COIMBRA,22,21,1,22,0,0,0,0,0,0,0
142,2020,Eldorado,EE ELDORADO,954,900,54,28,19,0,0,826,74,0,7
143,2020,Campo Grande,EE ELVIRA MATHIAS DE OLIVEIRA,398,387,11,32,19,1,0,337,9,0,0
144,2020,Vicentina,EE EMANNUEL PINHEIRO,283,213,70,19,17,0,0,224,18,5,0
145,2020,Coronel Sapucaia,EE ENEIL VARGAS,1149,1089,60,38,21,1,0,999,90,0,0
146,2020,Aparecida do Taboado,EE ERNESTO RODRIGUES,1908,1602,306,27,103,0,0,1674,104,0,0
147,2020,Bandeirantes,EE ERNESTO SOLON BORGES,722,699,23,57,22,0,0,531,112,0,0
148,2020,Bela Vista,EE ESTER SILVA,313,308,5,25,1,0,0,286,1,0,0
149,2020,Rio Brilhante,EE ETALÍVIO PEREIRA MARTINS,910,894,16,30,30,0,0,604,238,0,8
150,2020,Rio Brilhante,EE ETALÍVIO PEREIRA MARTINS-EXTENSÃO ESTABELECIMENTO PENAL FEMININO DE RIO BRILHANTE,45,23,22,13,13,0,0,19,0,0,0
151,2020,Rio Brilhante,EE ETALÍVIO PEREIRA MARTINS-EXTENSÃO ESTABELECIMENTO PENAL MASCULINO DE RIO BRILHANTE,58,22,36,5,11,0,0,42,0,0,0
152,2020,Aral Moreira,EE EUFRÁZIA FAGUNDES MARQUES,297,293,4,19,1,0,0,268,9,0,0
153,2020,Navirai,EE EURICO GASPAR DUTRA,1305,1253,52,70,38,1,0,971,225,0,0
154,2020,Aquidauana,EE FELIPE ORRO,330,325,5,33,9,0,0,231,57,0,0
155,2020,Tres Lagoas,EE FERNANDO CORRÊA,1235,1220,15,45,9,2,0,1142,37,0,0
156,2020,Rio Brilhante,EE FERNANDO CORRÊA DA COSTA,1385,1299,86,28,34,1,0,1152,169,1,0
157,2020,Dourados,EE FLORIANO VIEGAS MACHADO,1161,1153,8,18,22,1,0,990,128,1,1
158,2020,Pedro Gomes,EE FRANCISCO RIBEIRO SOARES,456,453,3,16,5,0,0,435,0,0,0
159,2020,Caarapo,EE FREI JOÃO DAMASCENO,246,237,9,24,0,0,0,219,2,1,0
160,2020,Aparecida do Taboado,EE FREI VITAL DE GARIBALDI,775,768,7,73,22,1,0,576,103,0,0
161,2020,Campo Grande,EE GAL. MALAN,611,605,6,33,16,0,0,539,23,0,0
162,2020,Aparecida do Taboado,EE GEORGINA DE OLIVEIRA ROCHA,939,902,37,50,39,0,0,788,61,0,1
163,2020,Sete Quedas,EE GUIMARÃES ROSA,562,553,9,37,7,0,0,518,0,0,0
164,2020,Cassilandia,EE HERMELINA BARBOSA LEAL,258,247,11,45,27,0,0,166,17,0,3
165,2020,Dois Irmaos do Buriti,EE INDÍGENA CACIQUE NDETI REGINALDO,169,111,58,2,7,0,0,151,0,0,9
166,2020,Miranda,EE INDÍGENA CACIQUE TIMÓTEO,172,111,61,1,0,0,0,123,48,0,0
167,2020,Miranda,EE INDÍGENA CACIQUE VICENTE DE ALMEIDA,84,79,5,0,2,0,0,69,13,0,0
168,2020,Nioaque,EE INDÍGENA DE EM ANGELINA VICENTE,78,76,2,3,0,0,0,68,7,0,0
169,2020,Aquidauana,EE INDÍGENA DE EM PASCOAL LEITE DIAS,83,81,2,2,1,0,0,58,22,0,0
170,2020,Aquidauana,EE INDÍGENA DE EM PASTOR REGINALDO MIGUEL - HOYENÓ O,58,58,0,3,2,0,0,45,8,0,0
171,2020,Aquidauana,EE INDÍGENA DE EM PROF. DOMINGOS V. MARCOS - MIHIN,176,175,1,1,0,0,0,125,50,0,0
172,2020,Caarapo,EE INDÍGENA DE EM YVY POTY,402,316,86,2,0,0,0,372,28,0,0
173,2020,Anastacio,EE INDÍGENA GUILHERMINA DA SILVA,477,350,127,12,32,1,0,391,40,1,0
174,2020,Dourados,EE INDÍGENA INTERCULTURAL GUATEKA - MARÇAL DE SOUZA,877,769,108,18,6,0,0,738,115,0,0
175,2020,Dourados,EE INDÍGENA INTERCULTURAL GUATEKA MARÇAL DE SOUZA -EXTENSÃO ARAPORÃ- ALDEIA BORORO,425,235,190,0,15,0,0,355,55,0,0
176,2020,Tacuru,EE INDÍGENA JASY RENDY,108,107,1,2,0,0,0,100,4,2,0
177,2020,Corumba,EE INDÍGENA JOÃO Q. DE CARVALHO - TOGHOPANAÃ,52,47,5,2,7,0,0,40,1,0,2
178,2020,Amambai,EE INDÍGENA MBO EROY GUARANI KAIOWÁ,428,375,53,4,8,1,0,355,60,0,0
179,2020,Dois Irmaos do Buriti,EE INDÍGENA NATIVIDADE ALCANTARA MARQUES,265,252,13,0,12,2,0,240,0,0,11
180,2020,Miranda,EE INDIGENA PROF. ATANASIO ALVES,92,91,1,1,2,0,0,80,9,0,0
181,2020,Nova Andradina,EE IRMAN RIBEIRO DE ALMEIDA SILVA,1279,948,331,35,45,2,0,1147,50,0,0
182,2020,Batayporã,EE JAN ANTONIN BATA,787,723,64,31,14,0,0,617,124,0,1
183,2020,Japora,EE JAPORÃ,407,391,16,36,14,0,0,334,23,0,0
184,2020,Japora,EE JAPORÃ - EXTENSÃO POVOADO JACAREI,431,369,62,11,7,0,0,324,89,0,0
185,2020,Deodapolis,EE JOÃO BAPTISTA PEREIRA,120,115,5,5,2,0,0,109,4,0,0
186,2020,Ponta Pora,EE JOÃO BREMBATTI CALVOSO,1175,1166,9,66,16,0,0,924,169,0,0
187,2020,Campo Grande,EE JOÃO CARLOS FLORES,639,624,15,25,27,0,0,544,43,0,0
188,2020,Tres Lagoas,EE JOÃO DANTAS FILGUEIRAS,972,951,21,70,20,1,0,840,41,0,0
189,2020,Inocencia,EE JOÃO PONCE DE ARRUDA,163,144,19,10,5,0,0,148,0,0,0
190,2020,Tres Lagoas,EE JOÃO PONCE DE ARRUDA,733,710,23,29,26,0,0,669,9,0,0
191,2020,Aral Moreira,EE JOÃO VITORINO MARQUES,503,488,15,39,10,0,0,431,21,0,2
192,2020,Ivinhema,EE JOAQUIM GONÇALVES LEDO,396,387,9,51,2,0,0,324,19,0,0
193,2020,Camapua,EE JOAQUIM MALAQUIAS DA SILVA,295,277,18,32,15,0,0,248,0,0,0
194,2020,Bodoquena,EE JOAQUIM MÁRIO BONFIM,686,642,44,29,28,0,0,553,76,0,0
195,2020,Bodoquena,EE JOAQUIM MÁRIO BONFIM -EXTENSÃO SALA  ASSENTAMENTO SUMATRA,26,24,2,1,2,0,0,22,1,0,0
196,2020,Bodoquena,EE JOAQUIM MÁRIO BONFIM -EXTENSÃO SALA MORRARIA DO SUL,22,22,0,0,3,1,0,14,4,0,0
197,2020,Campo Grande,EE JOAQUIM MURTINHO,1979,1950,29,123,115,0,0,1407,317,0,17
198,2020,Ponta Pora,EE JOAQUIM MURTINHO,2070,1942,128,123,76,0,0,1361,510,0,0
199,2020,Dourados,EE JOAQUIM VAZ DE OLIVEIRA,781,704,77,40,1,0,0,613,127,0,0
200,2020,Fatima do Sul,EE JONAS BELARMINO DA SILVA,231,230,1,9,0,0,0,208,7,7,0
201,2020,Chapadao do Sul,EE JORGE AMADO,1371,1246,125,82,70,0,0,881,337,0,1
202,2020,Chapadao do Sul,EE JORGE AMADO - EXTENSÃO ASSENTAMENTO AROEIRA,19,18,1,1,0,0,0,17,1,0,0
203,2020,Chapadao do Sul,EE JORGE AMADO - EXTENSÃO SALA PEDRA BRANCA,16,16,0,3,0,0,0,9,4,0,0
204,2020,Corguinho,EE JOSÉ ALVES QUITO,373,366,7,32,5,0,0,251,85,0,0
205,2020,Corguinho,EE JOSÉ ALVES QUITO - EXTENSÃO SALA FRANCISCO N. SOBRINHO - POVOADO TABOCO,48,46,2,2,5,0,0,41,0,0,0
206,2020,Rochedo,EE JOSÉ ALVES RIBEIRO,418,415,3,26,28,0,0,293,69,0,2
207,2020,Campo Grande,EE JOSÉ ANTÔNIO PEREIRA,709,690,19,40,30,0,0,578,59,0,2
208,2020,Campo Grande,EE JOSÉ BARBOSA RODRIGUES,518,507,11,34,19,0,0,431,34,0,0
209,2020,Porto Murtinho,EE JOSÉ BONIFÁCIO,925,842,83,21,58,0,0,619,227,0,0
210,2020,Porto Murtinho,EE JOSÉ BONIFÁCIO - EXTENSÃO SALA ALDEIA ALVES DE BARROS,42,30,12,1,0,0,0,31,10,0,0
211,2020,Porto Murtinho,EE JOSÉ BONIFÁCIO - EXTENSÃO SALA ALDEIA SÃO JOÃO,38,36,2,1,0,0,0,29,8,0,0
212,2020,Porto Murtinho,EE JOSÉ BONIFÁCIO - EXTENSÃO SALA SANTA MARIA,9,6,3,0,0,0,0,7,2,0,0
213,2020,Porto Murtinho,EE JOSÉ BONIFÁCIO - EXTENSÃO SALA TOMAZIA,23,20,3,0,0,0,0,21,2,0,0
214,2020,Tres Lagoas,EE JOSÉ FERREIRA,271,264,7,10,0,0,0,255,6,0,0
215,2020,Campo Grande,EE JOSÉ FERREIRA BARBOSA,628,623,5,37,74,0,0,517,0,0,0
216,2020,Costa Rica,EE JOSÉ FERREIRA DA COSTA,1417,1205,212,41,55,0,0,1284,37,0,0
217,2020,Santa Rita do Pardo,EE JOSÉ FERREIRA LIMA,371,313,58,20,6,0,0,335,10,0,0
218,2020,Santa Rita do Pardo,EE JOSÉ FERREIRA LIMA - EXTENSÃO ASSENTAMENTO MUTUM,39,37,2,2,0,0,0,36,1,0,0
219,2020,Santa Rita do Pardo,EE JOSÉ FERREIRA LIMA - EXTENSÃO SALA MATEIRA,16,15,1,3,0,0,0,13,0,0,0
220,2020,Paranaiba,EE JOSÉ GARCIA LEAL,1449,1385,64,34,87,0,0,1270,58,0,0
221,2020,Campo Grande,EE JOSÉ MAMEDE DE AQUINO,920,910,10,47,34,0,0,649,186,0,4
222,2020,Campo Grande,EE JOSÉ MARIA HUGO RODRIGUES,1415,1398,17,41,61,0,0,1049,264,0,0
223,2020,Jaraguari,EE JOSÉ SERAFIM RIBEIRO,490,480,10,52,3,0,0,424,11,0,0
224,2020,Corumba,EE JÚLIA GONÇALVES PASSARINHO,517,514,3,50,11,0,0,418,38,0,0
225,2020,Navirai,EE JURACY ALVES CARDOSO,748,742,6,27,15,0,0,706,0,0,0
226,2020,Deodapolis,EE LAGOA BONITA,281,273,8,43,2,0,0,225,11,0,0
227,2020,Ladario,EE LEME DO PRADO,903,826,77,65,29,1,0,695,113,0,0
228,2020,Ladario,EE LEME DO PRADO - EXTENSÃO SALA  MARQUÊS DE TAMANDARÉ,138,138,0,1,10,0,0,73,54,0,0
229,2020,Rio Negro,EE LEONTINO ALVES DE OLIVEIRA,561,546,15,59,16,0,0,364,122,0,0
230,2020,Campo Grande,EE LINO VILLACHA,1147,1143,4,42,36,1,0,787,281,0,0
231,2020,Campo Grande,EE LÚCIA MARTINS COELHO,449,438,11,36,19,0,0,391,3,0,0
232,2020,Angelica,EE LUIS VAZ DE CAMÕES,330,316,14,14,1,0,0,315,0,0,0
233,2020,Campo Grande,EE LUISA VIDAL BORGES DANIEL,290,287,3,21,1,0,0,263,5,0,0
234,2020,Bonito,EE LUIZ DA COSTA FALCÃO,1377,1251,126,81,33,0,0,1011,252,0,0
235,2020,Tres Lagoas,EE LUIZ LOPES DE CARVALHO,748,734,14,52,14,0,0,655,27,0,0
236,2020,Nova Andradina,EE LUIZ SOARES ANDRADE,534,520,14,102,19,0,0,399,14,0,0
237,2020,Campo Grande,EE MAESTRO FREDERICO LIEBERMANN,713,695,18,39,39,0,0,562,71,0,2
238,2020,Campo Grande,EE MAESTRO HEITOR VILLA LOBOS,1362,1334,28,25,54,0,0,945,338,0,0
239,2020,Água Clara,EE MAL. CASTELO BRANCO,971,910,61,39,30,0,0,875,27,0,0
240,2020,Água Clara,EE MAL. CASTELO BRANCO -EXTENSÃO SALA JOSÉ BELCHIOR,27,27,0,1,1,0,0,25,0,0,0
241,2020,Aquidauana,EE MAL. DEODORO DA FONSECA,665,652,13,57,21,1,0,501,85,0,0
242,2020,Mundo Novo,EE MAL. RONDON,570,552,18,85,17,2,0,464,0,0,2
243,2020,Nova Andradina,EE MAL. RONDON,901,879,22,63,22,0,0,795,20,1,0
244,2020,Campo Grande,EE MANOEL BONIFÁCIO NUNES DA CUNHA,397,394,3,30,28,1,0,313,25,0,0
245,2020,Bataguassu,EE MANOEL DA COSTA LIMA,1216,1037,179,97,59,0,0,1017,42,0,1
246,2020,Bataguassu,EE MANOEL DA COSTA LIMA -EXTENSÃO SALA SANTA CLARA,43,40,3,4,1,0,0,38,0,0,0
247,2020,Maracaju,EE MANOEL FERREIRA DE LIMA,797,786,11,42,20,1,0,681,53,0,0
248,2020,Paranaiba,EE MANOEL GARCIA LEAL,837,814,23,40,40,0,0,673,84,0,0
249,2020,Itaquirai,EE MANOEL GUILHERME DOS SANTOS,1028,961,67,38,51,0,0,868,57,0,14
250,2020,Iguatemi,EE MARCÍLIO AUGUSTO PINTO,598,592,6,36,19,1,0,422,120,0,0
251,2020,Campo Grande,EE MARIA CONSTANÇA BARROS MACHADO,275,272,3,19,10,0,0,241,5,0,0
252,2020,Anastacio,EE MARIA CORRÊA DIAS - EXTENSÃO MONJOLINHO,38,37,1,2,1,0,0,30,5,0,0
253,2020,Anastacio,EE MARIA CORRÊA DIAS - EXTENSÃO SÃO MANOEL,21,20,1,2,1,0,0,17,1,0,0
254,2020,Dourados,EE MARIA DA GLÓRIA MUZZI FERREIRA,669,656,13,39,23,0,0,489,118,0,0
255,2020,Campo Grande,EE MARIA ELIZA BOCAYUVA CORRÊA DA COSTA,1072,1060,12,38,42,1,0,984,7,0,0
256,2020,Corumba,EE MARIA HELENA ALBANEZE,676,666,10,47,10,0,0,562,57,0,0
257,2020,Anaurilandia,EE MARIA JOSÉ,741,721,20,50,14,0,0,596,81,0,0
258,2020,Corumba,EE MARIA LEITE,1181,1115,66,33,68,0,0,1037,43,0,0
259,2020,Ponta Pora,EE MENDES GONÇALVES,762,757,5,18,24,0,0,632,85,0,3
260,2020,Ponta Pora,EE MENDES GONÇALVES-EXTENSÃO UNIDADE EDUCACIONAL DE INTERNAÇÃO-UNEI MITAI,54,37,17,29,1,0,0,24,0,0,0
261,2020,Dourados,EE MENODORA FIALHO DE FIGUEIREDO,450,444,6,25,23,0,0,341,61,0,0
262,2020,Camapua,EE MIGUEL SUTIL,577,566,11,26,26,0,0,515,10,0,0
263,2020,Dourados,EE MIN. JOÃO PAULO DOS REIS VELOSO,900,889,11,29,25,0,0,713,133,0,0
264,2020,Corumba,EE NATHÉRCIA POMPEO DOS SANTOS,950,898,52,24,21,0,0,685,213,6,1
265,2020,Ponta Pora,EE NOVA ITAMARATI,1664,1514,150,116,2,2,0,1544,0,0,0
266,2020,Corumba,EE OCTACÍLIO FAUSTINO DA SILVA,706,692,14,48,15,0,0,603,40,0,0
267,2020,Nioaque,EE ODETE IGNÊZ RESSTEL VILLAS BÔAS,1057,962,95,47,22,0,0,920,68,0,0
268,2020,Nioaque,EE ODETE IGNÊZ RESSTEL VILLAS BÔAS - EXTENSÃO ASSENTAMENTO PALMEIRA,31,29,2,1,0,0,0,30,0,0,0
269,2020,Campo Grande,EE OLINDA CONCEIÇÃO TEIXEIRA BACHA,1185,1172,13,35,16,0,0,1132,2,0,0
270,2020,Itapora,EE OLIVIA PAULA,161,159,2,8,0,0,0,140,2,11,0
271,2020,Campo Grande,EE ORCÍRIO THIAGO DE OLIVEIRA,1039,923,116,47,76,1,0,884,28,0,3
272,2020,Nova Andradina,EE PADRE ANCHIETA,333,327,6,66,12,0,0,251,4,0,0
273,2020,Maracaju,EE PADRE CONSTANTINO DE MONTE,214,213,1,16,4,1,0,181,12,0,0
274,2020,Campo Grande,EE PADRE FRANCO DELPIANO,395,393,2,17,2,0,0,366,10,0,0
275,2020,Tres Lagoas,EE PADRE JOÃO TOMES,652,568,84,58,23,0,0,498,73,0,0
276,2020,Vicentina,EE PADRE JOSÉ DANIEL,508,443,65,56,5,0,0,447,0,0,0
277,2020,Caarapo,EE PADRE JOSÉ DE ANCHIETA,168,166,2,17,0,0,0,151,0,0,0
278,2020,Campo Grande,EE PADRE JOSÉ SCAMPINI,1656,1601,55,100,43,0,0,1006,507,0,0
279,2020,Campo Grande,EE PADRE MÁRIO BLANDINO,241,235,6,20,11,0,0,209,1,0,0
280,2020,Coxim,EE PADRE NUNES,1117,1074,43,59,12,1,0,1028,17,0,0
281,2020,Nioaque,EE PADROEIRA DO BRASIL,172,166,6,20,1,0,0,138,13,0,0
282,2020,Antonio Joao,EE PANTALEÃO COELHO XAVIER,1013,1001,12,18,23,1,0,954,13,2,2
283,2020,Antonio Joao,EE PANTALEÃO COELHO XAVIER - EXTENSÃO SALA CABECEIRA DO APA,56,54,2,2,0,0,0,46,8,0,0
284,2020,Antonio Joao,EE PANTALEÃO COELHO XAVIER - EXTENSÃO SALA TUPÃ ' I,46,45,1,0,1,1,0,44,0,0,0
285,2020,Dourados,EE PASTOR DANIEL BERG,465,463,2,6,11,0,0,420,28,0,0
286,2020,Sidrolandia,EE PAULO EDUARDO DE SOUZA FIRMO,269,236,33,10,8,0,0,205,46,0,0
287,2020,Sidrolandia,EE PAULO EDUARDO DE SOUZA FIRMO - EXTENSÃO ASSENTAMENTO CAPÃO BONITO II,155,133,22,4,7,0,0,128,16,0,0
288,2020,Sidrolandia,EE PAULO EDUARDO DE SOUZA FIRMO - EXTENSÃO ASSENTAMENTO JIBÓIA,64,62,2,5,6,0,0,39,14,0,0
289,2020,Sidrolandia,EE PAULO EDUARDO DE SOUZA FIRMO - EXTENSÃO ASSENTAMENTO JOÃO BATISTA,80,47,33,0,12,0,0,45,23,0,0
290,2020,Sidrolandia,EE PAULO EDUARDO DE SOUZA FIRMO - EXTENSÃO ASSENTAMENTO SÃO PEDRO,84,83,1,6,3,0,0,58,17,0,0
291,2020,Ponta Pora,EE PEDRO AFONSO PEREIRA GOLDONI,814,783,31,19,17,0,0,574,201,0,3
292,2020,Ponta Pora,EE PEDRO AFONSO PEREIRA GOLDONI -EXTENSÃO SALA GRAÇA DE DEUS,41,38,3,0,1,0,0,32,8,0,0
293,2020,Coxim,EE PEDRO MENDES FONTOURA,962,947,15,32,15,0,0,876,28,0,11
294,2020,Coxim,EE PEDRO MENDES FONTOURA-EXTENSÃO ESTABELECIMENTO PENAL MASCULINO COXIM,42,24,18,5,4,0,0,33,0,0,0
295,2020,Bataguassu,EE PERI MARTINS,861,850,11,19,9,0,0,821,12,0,0
296,2020,Campo Grande,EE PÓLO FRANCISCO CÂNDIDO DE REZENDE,134,87,47,3,2,1,0,123,4,0,1
297,2020,Campo Grande,EE PÓLO FRANCISCO CÂNDIDO DE REZENDE - EXTENSÃO ISAURO BENTO,131,129,2,9,5,0,0,95,22,0,0
298,2020,Campo Grande,EE PÓLO FRANCISCO CÂNDIDO DE REZENDE - EXTENSÃO SANTA LUZIA,57,55,2,7,0,0,0,41,9,0,0
299,2020,Campo Grande,EE PÓLO PROFª REGINA LÚCIA ANFFE NUNES BETINE - CENTRO DE TRIAGEM ANISIO LIMA - CT,48,24,24,8,6,0,0,34,0,0,0
300,2020,Campo Grande,EE PÓLO PROFª REGINA LÚCIA ANFFE NUNES BETINE - INSTITUTO PENAL DE CAMPO GRANDE,412,194,218,65,42,1,0,296,8,0,0
301,2020,Campo Grande,EE PÓLO PROFª REGINA LÚCIA ANFFE NUNES BETINE - PENITENCIARIA FEDERAL DE CAMPO GRANDE-PFCG,162,78,84,16,34,0,0,109,3,0,0
302,2020,Campo Grande,EE POLO PROFª REGINA LUCIA ANFFE NUNES BETINE - SALA UNEI MASCULINO DOM BOSCO,135,70,65,73,1,0,0,61,0,0,0
303,2020,Campo Grande,EE PÓLO PROFª REGINA LÚCIA ANFFE NUNES BETINE -ESTABELECIMENTO P.FEMININO IRMÃ IRMA ZORZI - EPFIIZ,79,41,38,14,21,0,0,44,0,0,0
304,2020,Campo Grande,EE PÓLO PROFª REGINA LÚCIA ANFFE NUNES BETINE-SALA UNEI FEMININO ESTRELA DO AMANHA,17,12,5,11,0,0,0,6,0,0,0
305,2020,Campo Grande,EE PÓLO PROFªREGINA LÚCIA ANFFE NUNES BETINE -ESTA.PENAL SEGURANÇA MÁXIMA JAIR FERREIRA DE CARVALHO,199,100,99,21,72,0,0,104,2,0,0
306,2020,Deodapolis,EE PORTO VILMA,253,245,8,14,2,0,0,228,8,1,0
307,2020,Dourados,EE PRES. GETÚLIO VARGAS,396,382,14,15,8,0,0,335,38,0,0
308,2020,Dourados,EE PRES. GETÚLIO VARGAS - EXTENSÃO SALA CORONEL FIRMINIO VIEIRA,37,36,1,3,0,0,0,27,7,0,0
309,2020,Dourados,EE PRES. GETÚLIO VARGAS - EXTENSÃO SALA PADRE ANCHIETA,56,54,2,2,3,0,0,42,9,0,0
310,2020,Dourados,EE PRES. GETÚLIO VARGAS - EXTENSÃO SALA PAI CHIQUITO-CHIQUITO PEDRO,28,27,1,0,0,0,0,22,6,0,0
311,2020,Navirai,EE PRES. MÉDICI,292,289,3,30,24,1,0,237,0,0,0
312,2020,Dourados,EE PRES. TANCREDO NEVES,1783,1633,150,37,67,0,0,1428,249,1,1
313,2020,Dourados,EE PRES. VARGAS,2159,2146,13,40,73,0,0,1816,230,0,0
314,2020,Itapora,EE PRINCESA IZABEL,136,133,3,15,0,0,0,121,0,0,0
315,2020,Bataguassu,EE PROF BRAZ SINIGÁGLIA -EXTENSÃO ESTABELECIMENTO PENAL DE BATAGUASSU,128,51,77,11,31,0,0,75,11,0,0
316,2020,Caarapo,EE PROF JOAQUIM ALFREDO SOARES VIANNA-EXTENSÃO ESTAB. PENAL MASCULINO DE REGIME FECHADO,26,6,20,2,16,0,0,8,0,0,0
317,2020,Dourados,EE PROF. ALÍCIO ARAÚJO,480,473,7,41,2,0,0,372,65,0,0
318,2020,Aquidauana,EE PROF. ANTÔNIO SALÚSTIO AREIAS,468,453,15,47,25,0,0,350,46,0,0
319,2020,Bataguassu,EE PROF. BRAZ SINIGÁGLIA,394,387,7,44,6,0,0,333,11,0,0
320,2020,Ponta Pora,EE PROF. CARLOS PEREIRA DA SILVA,364,355,9,20,11,0,0,316,17,0,0
321,2020,Dourados,EE PROF. CELSO MÜLLER DO AMARAL,793,791,2,20,23,0,0,730,20,0,0
322,2020,Tacuru,EE PROF. CLETO DE MORAES COSTA,793,738,55,43,9,0,0,684,57,0,0
323,2020,Campo Grande,EE PROF. EMYGDIO CAMPOS WIDAL,434,423,11,15,15,1,0,393,10,0,0
324,2020,Anaurilandia,EE PROF. EZEQUIEL BALBINO,147,139,8,15,3,0,0,111,18,0,0
325,2020,Campo Grande,EE PROF. HENRIQUE CIRYLLO CORRÊA,309,308,1,12,3,0,0,277,17,0,0
326,2020,Tres Lagoas,EE PROF. JOÃO MAGIANO PINTO,1556,1530,26,56,65,0,0,1311,123,0,1
327,2020,Inocencia,EE PROF. JOÃO PEREIRA VALIM,670,626,44,49,7,0,0,602,9,0,3
328,2020,Caarapo,EE PROF. JOAQUIM ALFREDO SOARES VIANNA,1160,1142,18,61,82,0,0,778,239,0,0
329,2020,Jatei,EE PROF. JOAQUIM ALFREDO SOARES VIANNA,220,206,14,35,7,0,0,177,1,0,0
330,2020,Ponta Pora,EE PROF. JOSÉ EDSON DOMINGOS DOS SANTOS,587,568,19,63,7,0,0,500,17,0,0
331,2020,Itaquirai,EE PROF. JOSÉ JUAREZ RIBEIRO DE OLIVEIRA,765,753,12,44,14,0,0,704,0,1,2
332,2020,Bataguassu,EE PROF. LADISLAU DEÁK FILHO,256,249,7,14,5,0,0,237,0,0,0
333,2020,Bataguassu,EE PROF. LUIZ ALBERTO ABRAHAM,464,452,12,43,5,0,0,372,44,0,0
334,2020,Nova Andradina,EE PROF. LUIZ CARLOS SAMPAIO,300,298,2,13,12,1,0,258,16,0,0
335,2020,Campo Grande,EE PROF. SEVERINO DE QUEIROZ,368,363,5,10,5,0,0,336,17,0,0
336,2020,Campo Grande,EE PROF. SILVIO OLIVEIRA DOS SANTOS,1236,1225,11,65,68,1,0,933,169,0,0
337,2020,Campo Grande,EE PROF. ULISSES SERRA,1020,904,116,28,16,0,0,852,123,0,1
338,2020,Inocencia,EE PROF.JOÃO PEREIRA VALIM - EXTENSÃO SALA CIRILO ANOENA DA COSTA,22,22,0,2,1,0,0,18,1,0,0
339,2020,Inocencia,EE PROF.JOÃO PEREIRA VALIM - EXTENSÃO SALA EM ANTONIO CAMARGO GARCIA,32,32,0,3,1,0,0,28,0,0,0
340,2020,Campo Grande,EE PROFª ALICE NUNES ZAMPIERE,832,817,15,55,39,0,0,573,161,1,3
341,2020,Jatei,EE PROFª BERNADETE SANTOS LEITE -EXTENSÃO ESTABELECIMENTO PENAL LUIZ PEREIRA DA SILVA,105,52,53,59,1,0,0,37,8,0,0
342,2020,Aquidauana,EE PROFª DÓRIS MENDES TRINDADE - EXTENSÃO ESTABELECIMENTO PENAL MASCULINO AQUIDAUANA,45,25,20,0,15,0,0,30,0,0,0
343,2020,Nova Andradina,EE PROFª FÁTIMA GAIOTTO SAMPAIO-EXTENSÃO ESTABELECIMENTO PENAL MASCULINO DE NOVA ANDRADINA,73,38,35,1,31,0,0,30,11,0,0
344,2020,Aquidauana,EE PROFª MARLY RUSSO RODRIGUES,861,840,21,74,13,0,0,604,169,0,1
345,2020,Itaquirai,EE PROFª TERTULINA MARTINS DE OLIVEIRA,374,371,3,13,27,0,0,273,58,2,1
346,2020,Campo Grande,EE PROFª. ADA TEIXEIRA DOS SANTOS PEREIRA,1638,1527,111,58,28,0,0,1367,185,0,0
347,2020,Jatei,EE PROFª. BERNADETE SANTOS LEITE,439,427,12,48,1,0,0,370,20,0,0
348,2020,Jatei,EE PROFª. BERNARDETE SANTOS LEITE - EXTENSÃO GLEBA NOVA ESPERANÇA,43,40,3,7,2,0,0,34,0,0,0
349,2020,Campo Grande,EE PROFª. BRASILINA FERRAZ MANTERO,204,202,2,44,7,0,0,135,17,0,1
350,2020,Sidrolandia,EE PROFª. CATARINA DE ABREU,557,551,6,36,5,0,0,435,78,0,3
351,2020,Campo Grande,EE PROFª. CÉLIA MARIA NAGLIS,419,413,6,25,15,0,0,379,0,0,0
352,2020,Coxim,EE PROFª. CLARICE RONDON DOS SANTOS,465,459,6,22,5,0,0,430,8,0,0
353,2020,Campo Grande,EE PROFª. CLARINDA MENDES DE AQUINO,260,256,4,16,29,1,0,206,7,0,1
354,2020,Caarapo,EE PROFª. CLEUZA APARECIDA V. GALHARDO,762,751,11,24,22,0,0,661,54,0,1
355,2020,Pedro Gomes,EE PROFª. CLEUZA TEODORO,551,435,116,38,9,1,0,497,6,0,0
356,2020,Sao Gabriel do Oeste,EE PROFª. CREUZA APARECIDA DELLA COLETA,802,728,74,82,20,0,0,595,105,0,0
357,2020,Campo Grande,EE PROFª. DELMIRA RAMOS DOS SANTOS,324,318,6,20,10,0,0,294,0,0,0
358,2020,Aquidauana,EE PROFª. DÓRIS MENDES TRINDADE,1196,1089,107,28,54,0,0,932,178,0,4
359,2020,Campo Grande,EE PROFª. ÉLIA FRANÇA CARDOSO,916,903,13,58,21,0,0,708,129,0,0
360,2020,Gloria de Dourados,EE PROFª. EUFROSINA PINTO,783,707,76,38,12,1,0,669,61,0,2
361,2020,Nova Andradina,EE PROFª. FÁTIMA GAIOTTO SAMPAIO,731,725,6,81,18,0,0,554,78,0,0
362,2020,Campo Grande,EE PROFª. FAUSTA GARCIA BUENO,753,746,7,45,22,1,0,503,179,0,3
363,2020,Campo Grande,EE PROFª. FLAVINA MARIA DA SILVA,736,730,6,22,38,1,0,613,47,0,15
364,2020,Dourados,EE PROFª. FLORIANA LOPES,1039,1020,19,77,28,0,0,760,172,2,0
365,2020,Ponta Pora,EE PROFª. GENI MARQUES MAGALHÃES,1091,1082,9,42,26,0,0,822,197,0,4
366,2020,Mundo Novo,EE PROFª. IOLANDA ALLY,740,725,15,52,27,0,0,617,44,0,0
367,2020,Campo Grande,EE PROFª. IZAURA HIGA,849,836,13,45,38,1,0,547,218,0,0
368,2020,Campo Grande,EE PROFª. JOELINA DE ALMEIDA XAVIER,225,220,5,13,10,0,0,196,6,0,0
369,2020,Rio Brilhante,EE PROFª. LIGIA TEREZINHA MARTINS,840,827,13,50,6,0,0,663,121,0,0
370,2020,Campo Grande,EE PROFª. MARIA DE LOURDES TOLEDO AREIAS,1337,1323,14,35,26,1,0,1009,259,0,7
371,2020,Campo Grande,EE PROFª. MARIA RITA DE CÁSSIA PONTES TEIXEIRA,655,646,9,63,8,0,0,471,113,0,0
372,2020,Nova Andradina,EE PROFª. NAIR PALÁCIO DE SOUZA,440,432,8,24,1,0,0,407,8,0,0
373,2020,Campo Grande,EE PROFª. NEYDER SUELLY COSTA VIEIRA,275,269,6,19,29,0,0,219,8,0,0
374,2020,Alcinopolis,EE PROFª. ROMILDA COSTA CARNEIRO,350,330,20,19,8,0,0,254,69,0,0
375,2020,Campo Grande,EE PROFª. THEREZA NORONHA DE CARVALHO,1005,1000,5,25,31,0,0,914,35,0,0
376,2020,Gloria de Dourados,EE PROFª. VÂNIA MEDEIROS LOPES,224,219,5,14,0,1,0,194,15,0,0
377,2020,Bela Vista,EE PROFª. VERA GUIMARÃES LOUREIRO,629,626,3,43,6,0,0,580,0,0,0
378,2020,Campo Grande,EE PROFª. ZÉLIA QUEVEDO CHAVES,1023,1012,11,40,23,0,0,779,180,0,1
379,2020,Jardim,EE PROFESSOR ANTÔNIO PINTO PEREIRA,442,434,8,20,44,1,0,349,28,0,0
380,2020,Jardim,EE PROFESSOR ANTÔNIO PINTO PEREIRA-EXTENSÃO ESTABELECIMENTO PENAL MASCULINO MÁXIMO ROMERO,40,26,14,5,4,0,0,31,0,0,0
381,2020,Dourados,EE PROFESSOR JOSÉ PEREIRA LINS,640,636,4,23,21,1,0,511,81,3,0
382,2020,Dourados,EE RAMONA DA SILVA PEDROSO,699,687,12,47,37,0,0,540,74,0,1
383,2020,Ivinhema,EE REYNALDO MASSI,984,971,13,36,10,0,0,857,81,0,0
384,2020,Ivinhema,EE REYNALDO MASSI - EXTENSÃO SALA BENEDITA FIGUEIRÓ DE OLIVEIRA,214,213,1,5,7,0,0,194,8,0,0
385,2020,Dourados,EE RITA ANGELINA BARBOSA SILVEIRA,398,393,5,36,8,0,0,314,40,0,0
386,2020,Anastacio,EE ROBERTO SCAFF,353,339,14,85,22,1,0,229,16,0,0
387,2020,Itapora,EE RODRIGUES ALVES,726,705,21,41,13,0,0,670,2,0,0
388,2020,Anastacio,EE ROMALINO ALVES DE ALBRES,595,583,12,47,18,0,0,526,3,0,1
389,2020,Corumba,EE ROTARY CLUB,506,500,6,28,10,0,0,468,0,0,0
390,2020,Campo Grande,EE RUI BARBOSA,1174,1151,23,41,44,0,0,1018,67,1,3
391,2020,Cassilandia,EE RUI BARBOSA,312,289,23,58,24,0,0,216,14,0,0
392,2020,Cassilandia,EE RUI BARBOSA -EXTENSÃO ESTABELECIMENTO PENAL MASCULINO DE CASSILÂNDIA,184,88,96,29,14,0,0,139,2,0,0
393,2020,Cassilandia,EE RUI BARBOSA -EXTENSÃO INDAIÁ DO SUL,49,47,2,2,4,0,0,39,3,0,1
394,2020,Guia Lopes da Laguna,EE SALOMÉ DE MELO ROCHA,513,505,8,36,7,0,0,469,1,0,0
395,2020,Paranhos,EE SANTIAGO BENITES,987,916,71,46,33,0,0,829,79,0,0
396,2020,Paranhos,EE SANTIAGO BENITES - EXTENSÃO ALDEIA PIRAJUÍ,94,88,6,1,3,0,0,78,12,0,0
397,2020,Costa Rica,EE SANTOS DUMONT,900,875,25,48,22,0,0,809,20,0,1
398,2020,Campo Grande,EE SÃO FRANCISCO,494,481,13,20,7,0,0,465,2,0,0
399,2020,Sao Gabriel do Oeste,EE SÃO GABRIEL,965,893,72,73,31,0,0,644,216,0,1
400,2020,Sao Gabriel do Oeste,EE SÃO GABRIEL - EXTENSÃO SALA FUNPESG,107,107,0,7,1,0,0,88,11,0,0
401,2020,Campo Grande,EE SÃO JOSÉ,549,537,12,23,33,0,0,490,3,0,0
402,2020,Cassilandia,EE SÃO JOSÉ,1168,1082,86,54,32,0,0,902,180,0,0
403,2020,Vicentina,EE SÃO JOSÉ,210,206,4,18,1,0,0,190,1,0,0
404,2020,Deodapolis,EE SCILA MÉDICI,639,626,13,86,1,0,0,470,82,0,0
405,2020,Campo Grande,EE SEBASTIÃO SANTANA DE OLIVEIRA,451,443,8,15,33,0,0,362,40,0,1
406,2020,Coxim,EE SEMIRAMIS CARLOTA BENEVIDES DA ROCHA,345,342,3,35,0,0,0,252,58,0,0
407,2020,Coxim,EE SEMIRAMIS CARLOTA BENEVIDES DA ROCHA - EXTENSÃO SALA  PIRACEMA,166,166,0,14,0,0,0,129,23,0,0
408,2020,Angelica,EE SEN. FILINTO MÜLLER,221,215,6,16,6,1,0,196,2,0,0
409,2020,Fatima do Sul,EE SEN. FILINTO MÜLLER,1233,1043,190,56,12,0,0,1070,95,0,0
410,2020,Ivinhema,EE SEN. FILINTO MULLER,791,781,10,24,35,0,0,678,54,0,0
411,2020,Itapora,EE SEN. SALDANHA DERZI,253,241,12,44,2,0,0,207,0,0,0
412,2020,Sidrolandia,EE SIDRÔNIO ANTUNES DE ANDRADE,1361,1332,29,85,38,1,0,991,234,0,12
413,2020,Eldorado,EE SILO VARGAS BATISTA,79,73,6,9,1,0,0,68,1,0,0
414,2020,Coxim,EE SILVIO FERREIRA,533,526,7,30,3,0,0,485,15,0,0
415,2020,Caarapo,EE TEN. AVIADOR ANTÔNIO JOÃO,478,474,4,24,4,1,0,429,20,0,0
416,2020,Campo Grande,EE TEOTÔNIO VILELA,1782,1769,13,82,49,0,0,1132,519,0,0
417,2020,Rio Verde de Mato Grosso,EE THOMAZ BARBOSA RANGEL,1527,1420,107,106,41,0,0,1279,100,0,1
418,2020,Nioaque,EE UIRAPURU,194,122,72,5,4,0,0,182,3,0,0
419,2020,Paraiso das Águas,EE VER. KENDI NAKAI,370,345,25,54,15,0,0,282,17,0,2
420,2020,Dourados,EE VEREADOR MOACIR DJALMA BARROS,971,969,2,25,19,0,0,872,55,0,0
421,2020,Rio Verde de Mato Grosso,EE VERGELINO MATEUS DE OLIVEIRA,654,643,11,33,17,0,0,550,53,0,1
422,2020,Amambai,EE VESPASIANO MARTINS,622,614,8,42,27,0,0,551,2,0,0
423,2020,Campo Grande,EE VESPASIANO MARTINS,274,262,12,23,12,0,0,237,2,0,0
424,2020,Sidrolandia,EE VESPASIANO MARTINS,280,274,6,32,1,0,0,225,22,0,0
425,2020,Sidrolandia,EE VESPASIANO MARTINS - EXTENSÃO LAGOINHA,118,60,58,1,1,0,0,116,0,0,0
426,2020,Amambai,EE VESPASIANO MARTINS - EXTENSÃO SALA LINO DO AMARAL CARDINAL,139,139,0,2,7,0,0,122,8,0,0
427,2020,Fatima do Sul,EE VICENTE PALLOTTI,779,773,6,42,9,0,0,712,16,0,0
428,2020,Fatima do Sul,EE VILA BRASIL,128,122,6,22,0,0,0,106,0,0,0
429,2020,Dourados,EE VILMAR VIEIRA MATOS,1623,1512,111,72,67,0,0,1435,48,1,0
430,2020,Navirai,EE VINÍCIUS DE MORAES,853,840,13,59,33,0,0,702,58,0,1
431,2020,Navirai,EE VINÍCIUS DE MORAES -EXTENSÃO PENITENCIÁRIA DE SEGURANÇA MÁXIMA DE NAVIRAÍ,116,64,52,0,31,0,0,85,0,0,0
432,2020,Coxim,EE VIRIATO BANDEIRA,125,113,12,10,5,0,0,106,3,0,1
433,2020,Campo Grande,EE WALDEMIR BARROS DA SILVA,425,422,3,21,24,0,0,358,22,0,0
434,2020,Gloria de Dourados,EE WEIMAR TORRES,120,116,4,13,3,0,0,96,8,0,0
435,2020,Paranaiba,EE WLADISLAU GARCIA GOMES,189,178,11,11,27,1,0,146,4,0,0
436,2020,Jaraguari,EE ZUMBI DOS PALMARES,115,109,6,13,0,0,0,101,1,0,0
437,2020,Angelica,EE. DR. JOSÉ MANOEL FONTANILLAS FRAGELLI,880,783,97,33,28,0,0,780,39,0,0
438,2020,Sidrolandia,ESCOLA ESTADUAL  'KOPENOTI' DE ENSINO MÉDIO PROFESSOR LÚCIO DIAS,52,49,3,4,3,1,0,36,8,0,0
439,2020,Sidrolandia,ESCOLA ESTADUAL 'KOPENOTI' DE ENSINO MÉDIO PROF LÚCIO DIAS -EXTENSÃO FLAVIANA ALCÂNTARA FIGUEIREDO,70,69,1,4,4,0,0,35,27,0,0
440,2020,Campo Grande,ESCOLA ESTADUAL CÍVICO-MILITAR MARÇAL DE SOUZA TUPÃ-Y,708,695,13,42,11,1,0,480,171,1,2
441,2020,Campo Grande,ESCOLA ESTADUAL CÍVICO-MILITAR PROFESSOR ALBERTO ELPÍDIO FERREIRA DIAS (PROF.TITO),442,435,7,18,4,1,0,411,8,0,0
